Action Points,,,,,,
Restaurant Name,Restaurant ID,Item Name,Item Code,Item Price,Category,Sub-Category,Status
No Action Point,,,,,,



Price Change Details
Sl,Restaurant Name,Restaurant ID,Item Name,Item Code,Old Price,Item Price,Current Category,Current Sub-Category,Status



Publish Status,
Restaurant Name,Publish Required,Auto Published
IRD,Yes,No



Summary,,,,,,
Sl,Restaurant Name,Restaurant ID,Item Name,Item Code,Old Price,Item Price,Old Category,Old Sub-Category,Current Category,Current Sub-Category,Status
1,IRD,1,Freshly Squeezed Fruit Juice of the Season**,10200021,375.0,375.0,Breakfast,,Breakfast,,Updated
2,IRD,1,Tofu and Broccoli**,13700032,1115.0,1115.0,Asian Combos,Thai Red Curry Bowl,Asian Combos,Thai Red Curry Bowl,Updated
3,IRD,1,Aloo Tikki Chaat**,11000040,675.0,675.0,Chaat Flights,,Chaat Flights,,Updated
4,IRD,1,Kancha Kadali Barra**,12700001,755.0,755.0,Local Love Favourites,Appetizers,Local Love Favourites,Appetizers,Updated
5,IRD,1,Margherita**,10900012,995.0,995.0,Pizza | Pasta | Risotto,Hand Tossed Pizza,Pizza | Pasta | Risotto,Hand Tossed Pizza,Updated
6,IRD,1,Anari Dahi Bhalla**,11000039,675.0,675.0,Chaat Flights,,Chaat Flights,,Updated
7,IRD,1,Corn Nacho Bhel**,11000041,675.0,675.0,Chaat Flights,,Chaat Flights,,Updated
8,IRD,1,Chilli Cheese Toast**,11700015,755.0,755.0,Toast,,Toast,,Updated
9,IRD,1,Preserved Fruit Juice**,10500022,375.0,375.0,Breakfast,,Breakfast,,Updated
10,IRD,1,Chicken**,13700030,1175.0,1175.0,Asian Combos,Thai Red Curry Bowl,Asian Combos,Thai Red Curry Bowl,Updated
11,IRD,1,Three Cheese**,10900011,995.0,995.0,Pizza | Pasta | Risotto,Hand Tossed Pizza,Pizza | Pasta | Risotto,Hand Tossed Pizza,Updated
12,IRD,1,Shrimp and Pokchoy**,13700031,1285.0,1285.0,Asian Combos,Thai Red Curry Bowl,Asian Combos,Thai Red Curry Bowl,Updated
13,IRD,1,Machha Bhaja**,12700002,1355.0,1355.0,Local Love Favourites,Appetizers,Local Love Favourites,Appetizers,Updated
14,IRD,1,Chingudi Bhaja**,12700017,1515.0,1515.0,Local Love Favourites,Appetizers,Local Love Favourites,Appetizers,Updated
15,IRD,1,Farmer’s Veggie**,10900010,995.0,995.0,Pizza | Pasta | Risotto,Hand Tossed Pizza,Pizza | Pasta | Risotto,Hand Tossed Pizza,Updated
16,IRD,1,In Season Fruits**,10500002,495.0,495.0,Breakfast,,Breakfast,,Updated
17,IRD,1,WelcomBoulangerie**,10500005,425.0,425.0,Breakfast,,Breakfast,,Updated
18,IRD,1,Chicken Tikka**,10900009,1115.0,1115.0,Pizza | Pasta | Risotto,Hand Tossed Pizza,Pizza | Pasta | Risotto,Hand Tossed Pizza,Updated
19,IRD,1,Chicken Pepperoni**,10900008,1115.0,1115.0,Pizza | Pasta | Risotto,Hand Tossed Pizza,Pizza | Pasta | Risotto,Hand Tossed Pizza,Updated
20,IRD,1,Chicken Carbonara**,10900017,1225.0,1225.0,Pizza | Pasta | Risotto,Artisan Pasta,Pizza | Pasta | Risotto,Artisan Pasta,Updated
21,IRD,1,Mozzarella Pesto Batons**,11000038,795.0,795.0,Fritter Platters,,Fritter Platters,,Updated
22,IRD,1,Kukuda Kasa**,12700009,1135.0,1135.0,Local Love Favourites,Local Love Mains,Local Love Favourites,Local Love Mains,Updated
23,IRD,1,Non Veg Club Sandwich**,11700022,1055.0,1055.0,Club Sandwiches,,Club Sandwiches,,Updated
24,IRD,1,Veg Club Sandwich**,11700001,1035.0,1035.0,Club Sandwiches,,Club Sandwiches,,Updated
25,IRD,1,Chicken and Mushroom**,13700028,955.0,955.0,Asian Combos,Mongolian Stir Fry,Asian Combos,Mongolian Stir Fry,Updated
26,IRD,1,Tofu and Vegetables**,13700029,885.0,885.0,Asian Combos,Mongolian Stir Fry,Asian Combos,Mongolian Stir Fry,Updated
27,IRD,1,Caesar's Salad Veg**,11000033,735.0,735.0,All Day Dining,Salads,All Day Dining,Salads,Updated
28,IRD,1,Mushroom Alfredo**,10900018,995.0,995.0,Pizza | Pasta | Risotto,Artisan Pasta,Pizza | Pasta | Risotto,Artisan Pasta,Updated
29,IRD,1,Peri Peri Shrimps**,11100048,865.0,865.0,Fritter Platters,,Fritter Platters,,Updated
30,IRD,1,Macha Besaro**,12700008,1225.0,1225.0,Local Love Favourites,Local Love Mains,Local Love Favourites,Local Love Mains,Updated
31,IRD,1,Caesar's Salad Non Veg**,11100038,795.0,795.0,All Day Dining,Salads,All Day Dining,Salads,Updated
32,IRD,1,Basil Pumpkin Seed Pesto**,10900019,995.0,995.0,Pizza | Pasta | Risotto,Artisan Pasta,Pizza | Pasta | Risotto,Artisan Pasta,Updated
33,IRD,1,Buttermilk Crisp Chicken**,11100045,1225.0,1225.0,Fritter Platters,,Fritter Platters,,Updated
34,IRD,1,Badi Santula**,12700005,1095.0,1095.0,Local Love Favourites,Local Love Mains,Local Love Favourites,Local Love Mains,Updated
35,IRD,1,Build Your Own Salad Veg**,11000042,675.0,675.0,All Day Dining,Salads,All Day Dining,Salads,Updated
36,IRD,1,Build Your Own Salad Non Veg**,11100049,795.0,795.0,All Day Dining,Salads,All Day Dining,Salads,Updated
37,IRD,1,Tomato Arrabiatta**,10900020,995.0,995.0,Pizza | Pasta | Risotto,Artisan Pasta,Pizza | Pasta | Risotto,Artisan Pasta,Updated
38,IRD,1,Amaranth Crusted Fish**,11100044,1135.0,1135.0,Fritter Platters,,Fritter Platters,,Updated
39,IRD,1,Mansa Jhola**,12700010,1515.0,1515.0,Local Love Favourites,Local Love Mains,Local Love Favourites,Local Love Mains,Updated
40,IRD,1,Dalma**,12700007,995.0,995.0,Local Love Favourites,Local Love Mains,Local Love Favourites,Local Love Mains,Updated
41,IRD,1,Chenna Tarkari**,12700004,1095.0,1095.0,Local Love Favourites,Local Love Mains,Local Love Favourites,Local Love Mains,Updated
42,IRD,1,Chhatu Rai**,12700006,1095.0,1095.0,Local Love Favourites,Local Love Mains,Local Love Favourites,Local Love Mains,Updated
43,IRD,1,Chingudi Nadia Rasa**,12700014,1555.0,1555.0,Local Love Favourites,Local Love Mains,Local Love Favourites,Local Love Mains,Updated
44,IRD,1,Mushroom Trio Risotto**,10900014,995.0,995.0,Pizza | Pasta | Risotto,Risotto,Pizza | Pasta | Risotto,Risotto,Updated
45,IRD,1,Malai Broccoli**,11000035,995.0,995.0,Kebab Signatures,,Kebab Signatures,,Updated
46,IRD,1,"Spiced vegetable patty, red pepper relish and Spicy mayo**",11700020,1115.0,1115.0,Pantry Burgers,,Pantry Burgers,,Updated
47,IRD,1,Indian Vegetarian**,10200004,1165.0,1165.0,Local Love Favourites,Welcommeal,Local Love Favourites,Welcommeal,Updated
48,IRD,1,Roast Tomato Soup**,11600006,755.0,755.0,All Day Dining,From The Tureen,All Day Dining,From The Tureen,Updated
49,IRD,1,Cottage cheese and peppers**,13700021,995.0,995.0,Asian Combos,Kung Pao Bowl,Asian Combos,Kung Pao Bowl,Updated
50,IRD,1,Prawn Confit Risotto**,10900013,1195.0,1195.0,Pizza | Pasta | Risotto,Risotto,Pizza | Pasta | Risotto,Risotto,Updated
51,IRD,1,Indian Non Vegetarian**,10200001,1285.0,1285.0,Local Love Favourites,Welcommeal,Local Love Favourites,Welcommeal,Updated
52,IRD,1,Mushroom Cream Soup**,11600005,755.0,755.0,All Day Dining,From The Tureen,All Day Dining,From The Tureen,Updated
53,IRD,1,"Buttermilk fried chicken, caramelized onion and sriracha mayo**",11700019,1135.0,1135.0,Pantry Burgers,,Pantry Burgers,,Updated
54,IRD,1,Chicken and peppers**,13700020,1195.0,1195.0,Asian Combos,Kung Pao Bowl,Asian Combos,Kung Pao Bowl,Updated
55,IRD,1,Paneer Angara Tikka**,11000036,915.0,915.0,Kebab Signatures,,Kebab Signatures,,Updated
56,IRD,1,Tom Kha Veg**,11600009,755.0,755.0,All Day Dining,From The Tureen,All Day Dining,From The Tureen,Updated
57,IRD,1,Western Vegetarian**,10200005,1115.0,1115.0,Local Love Favourites,Welcommeal,Local Love Favourites,Welcommeal,Updated
58,IRD,1,Five Treasure Vegetables**,13700002,1115.0,1115.0,Asian Combos,Kung Pao Bowl,Asian Combos,Kung Pao Bowl,Updated
59,IRD,1,Subz Seekh Gilafi**,11000034,995.0,995.0,Kebab Signatures,,Kebab Signatures,,Updated
60,IRD,1,"Herbed lamb mince patty, fried egg, onion yoghurt slaw and kasundi mustard mayo**",11700018,1225.0,1225.0,Pantry Burgers,,Pantry Burgers,,Updated
61,IRD,1,Tom Kha Non Veg**,11600008,795.0,795.0,All Day Dining,From The Tureen,All Day Dining,From The Tureen,Updated
62,IRD,1,Western Non Vegetarian**,10200002,1245.0,1245.0,Local Love Favourites,Welcommeal,Local Love Favourites,Welcommeal,Updated
63,IRD,1,Sliced Fish in Chili Garlic Sauce**,13700003,1335.0,1335.0,Asian Combos,Kung Pao Bowl,Asian Combos,Kung Pao Bowl,Updated
64,IRD,1,Murgh Atishi Tikka**,11100041,1225.0,1225.0,Kebab Signatures,,Kebab Signatures,,Updated
65,IRD,1,Malai Jhinga**,11100040,1535.0,1535.0,Kebab Signatures,,Kebab Signatures,,Updated
66,IRD,1,Hunan Prawns**,13700004,1515.0,1515.0,Asian Combos,Kung Pao Bowl,Asian Combos,Kung Pao Bowl,Updated
67,IRD,1,Five Treasure Vegetables Pan Asian**,10200006,1115.0,1115.0,Local Love Favourites,Welcommeal,Local Love Favourites,Welcommeal,Updated
68,IRD,1,Hot and Sour Soup Veg**,11600004,755.0,755.0,All Day Dining,From The Tureen,All Day Dining,From The Tureen,Updated
69,IRD,1,Sarson Mahi Tikka**,11100042,1195.0,1195.0,Kebab Signatures,,Kebab Signatures,,Updated
70,IRD,1,Chicken Chili Bean Pan Asian**,10200003,1115.0,1115.0,Local Love Favourites,Welcommeal,Local Love Favourites,Welcommeal,Updated
71,IRD,1,Chicken Chili Bean**,13700005,1245.0,1245.0,Asian Combos,Kung Pao Bowl,Asian Combos,Kung Pao Bowl,Updated
72,IRD,1,Hot and Sour Soup Non Veg**,11600010,795.0,795.0,All Day Dining,From The Tureen,All Day Dining,From The Tureen,Updated
73,IRD,1,Gosht Seekh Kebab**,11100043,1515.0,1515.0,Kebab Signatures,,Kebab Signatures,,Updated
74,IRD,1,Crumbed Fish n’ Spiced Chips**,10900016,1285.0,1285.0,Comfort Classics,,Comfort Classics,,Updated
75,IRD,1,Spiced Paneer**,11700017,995.0,995.0,Welcomkathi,,Welcomkathi,,Updated
76,IRD,1,Asian vegetables Noodles**,13700027,885.0,885.0,Asian Combos,Wok Tossed Noodles,Asian Combos,Wok Tossed Noodles,Updated
77,IRD,1,Vegetables and Egg Noodles**,13700024,885.0,885.0,Asian Combos,Wok Tossed Noodles,Asian Combos,Wok Tossed Noodles,Updated
78,IRD,1,Asian Vegetable**,11000037,915.0,915.0,Dragon Spring Rolls,,Dragon Spring Rolls,,Updated
79,IRD,1,Chicken Tikka Masala**,11700016,1175.0,1175.0,Welcomkathi,,Welcomkathi,,Updated
80,IRD,1,Chicken and Pokchoy**,11100046,1135.0,1135.0,Dragon Spring Rolls,,Dragon Spring Rolls,,Updated
81,IRD,1,Parmesan Chicken**,10900015,1135.0,1135.0,Comfort Classics,,Comfort Classics,,Updated
82,IRD,1,Chicken and Egg Noodles**,13700022,955.0,955.0,Asian Combos,Wok Tossed Noodles,Asian Combos,Wok Tossed Noodles,Updated
83,IRD,1,Mushroom and Broccoli Mac n’ Cheese**,10900022,995.0,995.0,Comfort Classics,,Comfort Classics,,Updated
84,IRD,1,Roast Chicken and Spinach Mac n’ Cheese**,10900021,1225.0,1225.0,Comfort Classics,,Comfort Classics,,Updated
85,IRD,1,Corn Flakes**,10400012,455.0,455.0,Breakfast,Cereals and Such,Breakfast,Cereals and Such,Updated
86,IRD,1,Asian vegetables Rice**,13700026,885.0,885.0,Asian Combos,Wok tossed Rice,Asian Combos,Wok tossed Rice,Updated
87,IRD,1,Vegetables and Egg Rice**,13700025,885.0,885.0,Asian Combos,Wok tossed Rice,Asian Combos,Wok tossed Rice,Updated
88,IRD,1,Muesli**,10400013,455.0,455.0,Breakfast,Cereals and Such,Breakfast,Cereals and Such,Updated
89,IRD,1,Choco Flakes**,10400010,455.0,455.0,Breakfast,Cereals and Such,Breakfast,Cereals and Such,Updated
90,IRD,1,Chicken and Egg Rice**,13700023,955.0,955.0,Asian Combos,Wok tossed Rice,Asian Combos,Wok tossed Rice,Updated
91,IRD,1,Wheat Flakes**,10400011,455.0,455.0,Breakfast,Cereals and Such,Breakfast,Cereals and Such,Updated
92,IRD,1,Cracked Wheat Porridge** ,10500004,425.0,425.0,Breakfast,Cereals and Such,Breakfast,Cereals and Such,Updated
93,IRD,1,Pearl Millet Porridge**,10400014,425.0,425.0,Breakfast,Cereals and Such,Breakfast,Cereals and Such,Updated
94,IRD,1,Bircher Muesli**,10400015,425.0,425.0,Breakfast,Cereals and Such,Breakfast,Cereals and Such,Updated
95,IRD,1,Waffles**,10500023,495.0,495.0,Breakfast,Breakfast Classics,Breakfast,Breakfast Classics,Updated
96,IRD,1,Buttermilk Pancakes**,10500007,495.0,495.0,Breakfast,Breakfast Classics,Breakfast,Breakfast Classics,Updated
97,IRD,1,Soft Rolled Omelette**,10500024,495.0,495.0,Breakfast,Signature Eggs,Breakfast,Signature Eggs,Updated
98,IRD,1,Eggs to Order**,10500006,495.0,495.0,Breakfast,Signature Eggs,Breakfast,Signature Eggs,Updated
99,IRD,1,Paneer Butter Masala**,12500009,975.0,975.0,Kitchens of India,,Kitchens of India,,Updated
100,IRD,1,Kadhai Paneer**,12500019,975.0,975.0,Kitchens of India,,Kitchens of India,,Updated
101,IRD,1,Palak Paneer**,12500018,975.0,975.0,Kitchens of India,,Kitchens of India,,Updated
102,IRD,1,Aloo Masaledar**,12500020,915.0,915.0,Kitchens of India,,Kitchens of India,,Updated
103,IRD,1,Ritu Ki Subzi**,12500008,915.0,915.0,Kitchens of India,,Kitchens of India,,Updated
104,IRD,1,Paneer Bhurjee**,12500004,915.0,915.0,Kitchens of India,,Kitchens of India,,Updated
105,IRD,1,Yellow Dal Tadka**,12500017,975.0,975.0,Kitchens of India,,Kitchens of India,,Updated
106,IRD,1,Dal Makhani**,12500010,975.0,975.0,Kitchens of India,,Kitchens of India,,Updated
107,IRD,1,Delhi Butter Chicken**,12500016,1115.0,1115.0,Kitchens of India,,Kitchens of India,,Updated
108,IRD,1,Bhuna Gosht**,12500015,1545.0,1545.0,Kitchens of India,,Kitchens of India,,Updated
109,IRD,1,Steamed Basmati Rice**,13100005,615.0,615.0,Biryani & Pulao,,Biryani & Pulao,,Updated
110,IRD,1,Baked Beans**,10500027,495.0,495.0,Breakfast,Breakfast Sides,Breakfast,Breakfast Sides,Updated
111,IRD,1,Chicken Sausage**,10500025,495.0,495.0,Breakfast,Breakfast Sides,Breakfast,Breakfast Sides,Updated
112,IRD,1,Jeera Pulao**,10400049,795.0,795.0,Biryani & Pulao,,Biryani & Pulao,,Updated
113,IRD,1,Pork Sausages**,10500026,495.0,495.0,Breakfast,Breakfast Sides,Breakfast,Breakfast Sides,Updated
114,IRD,1,Subz Biryani**,12700011,1055.0,1055.0,Biryani & Pulao,,Biryani & Pulao,,Updated
115,IRD,1,Murgh Biryani**,13100003,1485.0,1485.0,Biryani & Pulao,,Biryani & Pulao,,Updated
116,IRD,1,Grilled Bacon**,10500028,495.0,495.0,Breakfast,Breakfast Sides,Breakfast,Breakfast Sides,Updated
117,IRD,1,Gosht Biryani**,13100004,1635.0,1635.0,Biryani & Pulao,,Biryani & Pulao,,Updated
118,IRD,1,Stuffed Paratha**,10300001,495.0,495.0,Breakfast,North Indian Classics,Breakfast,North Indian Classics,Updated
119,IRD,1,Poori Aloo**,10300002,495.0,495.0,Breakfast,North Indian Classics,Breakfast,North Indian Classics,Updated
120,IRD,1,Finest Selection of Seasonal Fruits**,12000019,495.0,495.0,The Dessert Studio,,The Dessert Studio,,Updated
121,IRD,1,Rasmalai**,12000005,595.0,595.0,The Dessert Studio,,The Dessert Studio,,Updated
122,IRD,1,Chenna Poda**,12000006,595.0,595.0,The Dessert Studio,,The Dessert Studio,,Updated
123,IRD,1,Gulab Jamun** ,12000001,595.0,595.0,The Dessert Studio,,The Dessert Studio,,Updated
124,IRD,1,Kulfi Falooda**,12000007,595.0,595.0,The Dessert Studio,,The Dessert Studio,,Updated
125,IRD,1,Seasalt Caramel Mousse**,12000017,715.0,715.0,The Dessert Studio,,The Dessert Studio,,Updated
126,IRD,1,Baked Cheese Cake**,12100003,715.0,715.0,The Dessert Studio,,The Dessert Studio,,Updated
127,IRD,1,Choco Sundae Bowl**,12000018,715.0,715.0,The Dessert Studio,,The Dessert Studio,,Updated
128,IRD,1,Frozen Creams**,12100004,595.0,595.0,The Dessert Studio,,The Dessert Studio,,Updated
129,IRD,1,Idli**,10400002,495.0,495.0,Breakfast,South Indian Classics,Breakfast,South Indian Classics,Updated
130,IRD,1,Guntur Idli**,10400019,495.0,495.0,Breakfast,South Indian Classics,Breakfast,South Indian Classics,Updated
131,IRD,1,Medu Vada**,10400004,495.0,495.0,Breakfast,South Indian Classics,Breakfast,South Indian Classics,Updated
132,IRD,1,Masala Dosa**,10400001,495.0,495.0,Breakfast,South Indian Classics,Breakfast,South Indian Classics,Updated
133,IRD,1,Pesarattu**,10400017,495.0,495.0,Breakfast,South Indian Classics,Breakfast,South Indian Classics,Updated
134,IRD,1,Classic Uttappam**,10400003,495.0,495.0,Breakfast,South Indian Classics,Breakfast,South Indian Classics,Updated
135,IRD,1,Masala Uttappam**,10400020,495.0,495.0,Breakfast,South Indian Classics,Breakfast,South Indian Classics,Updated
136,IRD,1,Upma**,10400016,495.0,495.0,Breakfast,South Indian Classics,Breakfast,South Indian Classics,Updated
137,IRD,1,South Indian Tiffin**,10400018,615.0,615.0,Breakfast,South Indian Classics,Breakfast,South Indian Classics,Updated
138,IRD,1,Dahi Bada Aloo Dum**,10400005,495.0,495.0,Breakfast,Local Breakfast,Breakfast,Local Breakfast,Updated
139,IRD,1,Tandoori Roti**,13000010,315.0,315.0,Kitchens of India,Choice of Indian Breads,Kitchens of India,Choice of Indian Breads,Updated
140,IRD,1,Chakuli Pitha**,10400006,495.0,495.0,Breakfast,Local Breakfast,Breakfast,Local Breakfast,Updated
141,IRD,1,Tandoori Naan**,13000004,315.0,315.0,Kitchens of India,Choice of Indian Breads,Kitchens of India,Choice of Indian Breads,Updated
142,IRD,1,Laccha Paratha**,13000008,315.0,315.0,Kitchens of India,Choice of Indian Breads,Kitchens of India,Choice of Indian Breads,Updated
143,IRD,1,Tandoori Butter Naan**,13000003,315.0,315.0,Kitchens of India,Choice of Indian Breads,Kitchens of India,Choice of Indian Breads,Updated
144,IRD,1,Onion Tandoori Kulcha**,10400047,315.0,315.0,Kitchens of India,Choice of Indian Breads,Kitchens of India,Choice of Indian Breads,Updated
145,IRD,1,Masala Tandoori Kulcha**,10400041,315.0,315.0,Kitchens of India,Choice of Indian Breads,Kitchens of India,Choice of Indian Breads,Updated
146,IRD,1,Paneer Tandoori Kulcha**,10400048,315.0,315.0,Kitchens of India,Choice of Indian Breads,Kitchens of India,Choice of Indian Breads,Updated
147,IRD,1,Vanilla Milkshake**,90800002,455.0,455.0,Milk Shakes,,Milk Shakes,,Updated
148,IRD,1,Strawberry Milkshake**,90800004,455.0,455.0,Milk Shakes,,Milk Shakes,,Updated
149,IRD,1,Chocolate Milkshake**,90800003,455.0,455.0,Milk Shakes,,Milk Shakes,,Updated
150,IRD,1,Cold Coffee**,10300014,455.0,455.0,Milk Shakes,,Milk Shakes,,Updated
151,IRD,1,Sweet Lassi**,90800007,455.0,455.0,Lassi / Chaas,,Lassi / Chaas,,Updated
152,IRD,1,Salted lassi**,90800008,455.0,455.0,Lassi / Chaas,,Lassi / Chaas,,Updated
153,IRD,1,Plain Chaas**,90800009,455.0,455.0,Lassi / Chaas,,Lassi / Chaas,,Updated
154,IRD,1,Masala Chaas**,90800010,455.0,455.0,Lassi / Chaas,,Lassi / Chaas,,Updated
155,IRD,1,Diet Coke (330ml)**,90600002,375.0,375.0,Aerated Beverages,,Aerated Beverages,,Updated
156,IRD,1,Thums Up (330ml)**,90600005,375.0,375.0,Aerated Beverages,,Aerated Beverages,,Updated
157,IRD,1,Coke (330ml)**,90600001,375.0,375.0,Aerated Beverages,,Aerated Beverages,,Updated
158,IRD,1,Sprite (330ml)**,90600006,375.0,375.0,Aerated Beverages,,Aerated Beverages,,Updated
159,IRD,1,Fanta (330ml)**,90600004,375.0,375.0,Aerated Beverages,,Aerated Beverages,,Updated
160,IRD,1,Vedica Still Water (750ml)**,90400017,455.0,455.0,Aerated Beverages,,Aerated Beverages,,Updated
161,IRD,1,Vedica Sparkling Water (300ml)**,90400018,355.0,355.0,Aerated Beverages,,Aerated Beverages,,Updated
162,IRD,1,Orange & Basil Mojito**,90100005,495.0,495.0,Mocktails,,Mocktails,,Updated
163,IRD,1,Forbidden Paradise**,90100001,495.0,495.0,Mocktails,,Mocktails,,Updated
164,IRD,1,Fizzy Sunrise**,90100002,495.0,495.0,Mocktails,,Mocktails,,Updated
165,IRD,1,Tender Coconut Colada**,90100007,495.0,495.0,Mocktails,,Mocktails,,Updated
166,IRD,1,Ginger Minjer**,90100006,495.0,495.0,Mocktails,,Mocktails,,Updated
167,IRD,1,Summery Melon**,90100003,495.0,495.0,Mocktails,,Mocktails,,Updated
168,IRD,1,Very Berry**,90100004,495.0,495.0,Mocktails,,Mocktails,,Updated
169,IRD,1,Darjeeling Tea,90200046,445.0,445.0,Tea,,Tea,,Updated
170,IRD,1,Green Tea,90200047,445.0,445.0,Tea,,Tea,,Updated
171,IRD,1,Assam Tea,90200045,445.0,445.0,Tea,,Tea,,Updated
172,IRD,1,ITC Blend Tea,90200051,445.0,445.0,Tea,,Tea,,Updated
173,IRD,1,Earl Grey Tea,90200053,445.0,445.0,Tea,,Tea,,Updated
174,IRD,1,Lemon Tea,90200076,445.0,445.0,Tea,,Tea,,Updated
175,IRD,1,English Breakfast Tea,90200052,445.0,445.0,Tea,,Tea,,Updated
176,IRD,1,Cappuccino,90300032,525.0,525.0,Coffee,,Coffee,,Updated
177,IRD,1,Coffee Freshly Brewed,90300033,525.0,525.0,Coffee,,Coffee,,Updated
178,IRD,1,Espresso,90300027,525.0,525.0,Coffee,,Coffee,,Updated
179,IRD,1,Bournvita,11000044,455.0,455.0,Malted Beverages,,Malted Beverages,,Updated
180,IRD,1,Horlicks,11000043,455.0,455.0,Malted Beverages,,Malted Beverages,,Updated
181,IRD,1,Hot Chocolate.,11000045,455.0,455.0,Malted Beverages,,Malted Beverages,,Updated
182,IRD,1,Bircher Muesli**,10400050,425.0,425.0,Cereals and Such,,Cereals and Such,,Updated
183,IRD,1,Veg Club Sandwich**,11700024,1035.0,1035.0,Stacks,Club Sandwiches,Stacks,Club Sandwiches,Updated
184,IRD,1,Non Veg Club Sandwich**,11700023,1055.0,1055.0,Stacks,Club Sandwiches,Stacks,Club Sandwiches,Updated
185,IRD,1,In Season Fruits**,10500030,495.0,495.0,Fruits,,Fruits,,Updated
186,IRD,1,Soft Rolled Omelette**,10500029,495.0,495.0,Signature Eggs,,Signature Eggs,,Updated
187,IRD,1,Roast Tomato Soup**,11600011,755.0,755.0,From The Tureen,,From The Tureen,,Updated
188,IRD,1,Caesar's Salad Veg**,11000053,735.0,735.0,Salads,,Salads,,Updated
189,IRD,1,Caesar's Salad Non Veg**,11000054,795.0,795.0,Salads,,Salads,,Updated
190,IRD,1,Tomato Arrabiatta**,10900023,995.0,995.0,Artisan Pasta,,Artisan Pasta,,Updated
191,IRD,1,Yellow Dal Tadka**,12500023,975.0,975.0,Kitchens of India,,Kitchens of India,,Updated
192,IRD,1,Paneer Butter Masala**,12500022,975.0,975.0,Kitchens of India,,Kitchens of India,,Updated
193,IRD,1,Delhi Butter Chicken**,12500021,1115.0,1115.0,Kitchens of India,,Kitchens of India,,Updated
194,IRD,1,Steamed Basmati Rice**,13100014,615.0,615.0,Rice,,Rice,,Updated
195,IRD,1,Gulab Jamun** ,12000029,595.0,595.0, The Dessert Studio,, The Dessert Studio,,Updated
196,IRD,1,Chenna Poda**,12000027,595.0,595.0, The Dessert Studio,, The Dessert Studio,,Updated
197,IRD,1,Rasmalai**,12000028,595.0,595.0, The Dessert Studio,, The Dessert Studio,,Updated
198,IRD,1,Tawa Paratha**,13000030,315.0,315.0,Kitchens of India,Choice Of Indian Breads,Kitchens of India,Choice Of Indian Breads,Updated



Category Information,
Restaurant ID, Restaurant Name, Category Name, Category Order, Sub-Category Name, Sub-Category Order
1,IRD,Breakfast,1,Cereals and Such,1
1,IRD,Breakfast,1,Yoghurt Bar,2
1,IRD,Breakfast,1,North Indian Classics,3
1,IRD,Breakfast,1,South Indian Classics,4
1,IRD,Breakfast,1,Signature Eggs,5
1,IRD,Breakfast,1,Breakfast Sides,6
1,IRD,Breakfast,1,Breakfats Classics,7
1,IRD,Breakfast,1,Welcom Boulangerie,8
1,IRD,Breakfast,1,Cereals and Such,9
1,IRD,Breakfast,1,Breakfast Classics,10
1,IRD,Breakfast,1,Signature Eggs,11
1,IRD,Breakfast,1,Breakfast Sides,12
1,IRD,Breakfast,1,North Indian Classics,13
1,IRD,Breakfast,1,South Indian Classics,14
1,IRD,Breakfast,1,Local Breakfast,15
1,IRD,Breakfast,1,Toast Bread,16
1,IRD,Breakfast,1,Yoghurt Bar,17
1,IRD,All Day Dining,2,Appetisers & Snacks,1
1,IRD,All Day Dining,2,"Toasts, Stacks & Rolls",2
1,IRD,All Day Dining,2,Appetisers & Snacks,3
1,IRD,All Day Dining,2,"Toasts, Stacks & Rolls",4
1,IRD,All Day Dining,2,Appetisers & Snacks,5
1,IRD,All Day Dining,2,"Toasts, Stacks & Rolls",6
1,IRD,All Day Dining,2,Appetisers & Snacks,7
1,IRD,All Day Dining,2,"Toasts, Stacks & Rolls",8
1,IRD,All Day Dining,2,Appetisers & Snacks,9
1,IRD,All Day Dining,2,Club Sandwiches ,10
1,IRD,All Day Dining,2,Pantry Burgers,11
1,IRD,All Day Dining,2,Welcomkathi ,12
1,IRD,All Day Dining,2,Welcomkathi ,13
1,IRD,All Day Dining,2,Salads,14
1,IRD,All Day Dining,2,From The Tureen,15
1,IRD,Asian Combos,3,Thai Red Curry Bowl,1
1,IRD,Asian Combos,3,Kung Pao Bowl,2
1,IRD,Asian Combos,3,Mongolian Stir Fry,3
1,IRD,Asian Combos,3,Kung Pao Bowl,4
1,IRD,Asian Combos,3,Wok Tossed Noodles,5
1,IRD,Asian Combos,3,Wok tossed Rice,6
1,IRD,Asian Combos,3,Thai Green Curry Bowl,7
1,IRD,Asian Combos,3,Burmese Khow Suey,8
1,IRD,Comfort Classics,4,,
1,IRD,Pizza | Pasta | Risotto,5,Artisan Pasta,1
1,IRD,Pizza | Pasta | Risotto,5,Hand Tossed Pizza,2
1,IRD,Pizza | Pasta | Risotto,5,Risotto,3
1,IRD,Local Love Favourites,6,Appetizers,1
1,IRD,Local Love Favourites,6,Flavours Of Mahjong,2
1,IRD,Local Love Favourites,6,Local Love Mains,3
1,IRD,Local Love Favourites,6,Welcommeal,4
1,IRD,Local Love Favourites,6,Staples,5
1,IRD,Local Love Favourites,6,Local Love Biryani/ Pulao,6
1,IRD,Local Love Favourites,6,Welcom Sthalika,7
1,IRD,Kitchens of India,7,Choice of Indian Breads,1
1,IRD,Biryani & Pulao,8,,
1,IRD,The Dessert Studio,9,Frozen Creams,1
1,IRD,Milk Shakes,11,,
1,IRD,Lassi / Chaas,13,,
1,IRD,Aerated Beverages,15,,
1,IRD,Mocktails,17,,
1,IRD,Tea,20,,
1,IRD,Coffee,23,,
1,IRD,Malted Beverages,26,,
1,IRD,Cereals and Such,30,,
1,IRD,Fruits,34,,
1,IRD,Signature Eggs,38,,
1,IRD,From The Tureen,42,,
1,IRD,Salads,46,,
1,IRD,Stacks,50,Club Sandwiches,1
1,IRD,Stacks,50,Pantry Burgers,2
1,IRD,Stacks,50,Welcomkathi ,3
1,IRD,Artisan Pasta,54,Choice of Pasta:  Penne I Spaghetti,1
1,IRD,Kitchens of India,58,Choice Of Indian Breads,1
1,IRD,Rice,62,,
1,IRD, The Dessert Studio,66,,

