Date,Site,Status,Action Point Status,CSV File,Third Line,Start Time,End Time,Duration (s),Retries,Error
2026-08-28,WH Bhubaneswar,COMPLETED,NO ACTION POINT,logs\downloads\2026-08-28\WH_Bhubaneswar\05-59-45_action_points.csv,No Action Point,05:58:58,05:59:50,51.57,0,
2026-08-28,ITC Maurya,COMPLETED,NO ACTION POINT,logs\downloads\2026-08-28\ITC_Maurya\06-00-37_action_points.csv,No Action Point,05:59:50,06:00:45,55.68,0,
2026-08-28,ITC Royal Bengal,COMPLETED,NO ACTION POINT,logs\downloads\2026-08-28\ITC_Royal_Bengal\06-01-36_action_points.csv,No Action Point,06:00:45,06:01:55,69.67,0,
2026-08-28,ITC Kohenur,COMPLETED,NO ACTION POINT,logs\downloads\2026-08-28\ITC_Kohenur\06-02-39_action_points.csv,No Action Point,06:01:55,06:02:43,47.86,0,
2026-08-28,ITC Narmada,COMPLETED,NO ACTION POINT,logs\downloads\2026-08-28\ITC_Narmada\06-03-31_action_points.csv,No Action Point,06:02:43,06:03:42,58.81,0,
2026-08-28,ITC Grand Goa,COMPLETED,NO ACTION POINT,logs\downloads\2026-08-28\ITC_Grand_Goa\06-04-30_action_points.csv,No Action Point,06:03:42,06:04:38,55.76,0,
2026-08-28,ITC Gardenia,COMPLETED,NO ACTION POINT,logs\downloads\2026-08-28\ITC_Gardenia\06-05-24_action_points.csv,No Action Point,06:04:38,06:05:39,61.73,0,
2026-08-28,ITC Windsor,COMPLETED,NO ACTION POINT,logs\downloads\2026-08-28\ITC_Windsor\06-06-25_action_points.csv,No Action Point,06:05:39,06:06:29,49.62,0,
2026-08-28,WH Amritsar,COMPLETED,NO ACTION POINT,logs\downloads\2026-08-28\WH_Amritsar\06-07-15_action_points.csv,No Action Point,06:06:29,06:07:22,53.33,0,
2026-08-28,ITC Mughal Agra,COMPLETED,NO ACTION POINT,logs\downloads\2026-08-28\ITC_Mughal_Agra\06-08-11_action_points.csv,No Action Point,06:07:22,06:08:18,55.8,0,
2026-08-28,WH Guntur,COMPLETED,NO ACTION POINT,logs\downloads\2026-08-28\WH_Guntur\06-09-03_action_points.csv,No Action Point,06:08:18,06:09:10,52.23,0,
2026-08-28,WH Coimbatore,COMPLETED,NO ACTION POINT,logs\downloads\2026-08-28\WH_Coimbatore\06-09-56_action_points.csv,No Action Point,06:09:10,06:09:59,49.0,0,
2026-08-28,ITC Sonar,COMPLETED,NO ACTION POINT,logs\downloads\2026-08-28\ITC_Sonar\06-10-44_action_points.csv,No Action Point,06:09:59,06:10:48,48.96,0,
2026-08-28,"ITC Grand Bharat, Gurugram",COMPLETED,NO ACTION POINT,"logs\downloads\2026-08-28\ITC_Grand_Bharat,_Gurugram\06-11-33_action_points.csv",No Action Point,06:10:48,06:11:37,48.17,0,
2026-08-28,WH Mohali by ITC,COMPLETED,NO ACTION POINT,logs\downloads\2026-08-28\WH_Mohali_by_ITC\06-12-18_action_points.csv,No Action Point,06:11:37,06:12:25,48.04,0,
2026-08-28,ITC Rajputana,COMPLETED,NO ACTION POINT,logs\downloads\2026-08-28\ITC_Rajputana\06-13-10_action_points.csv,No Action Point,06:12:25,06:13:18,53.32,0,
2026-08-28,"ITC Grand Central, Mumbai",COMPLETED,NO ACTION POINT,"logs\downloads\2026-08-28\ITC_Grand_Central,_Mumbai\06-13-59_action_points.csv",No Action Point,06:13:18,06:14:03,44.74,0,
2026-08-28,ITC Grand Chola,COMPLETED,NO ACTION POINT,logs\downloads\2026-08-28\ITC_Grand_Chola\06-14-46_action_points.csv,No Action Point,06:14:03,06:14:48,45.46,0,
